               epoch,      train/box_loss,      train/obj_loss,      train/cls_loss,   metrics/precision,      metrics/recall,     metrics/mAP_0.5,metrics/mAP_0.5:0.95,        val/box_loss,        val/obj_loss,        val/cls_loss,               x/lr0,               x/lr1,               x/lr2
                   0,            0.081749,            0.028265,                   0,             0.53663,             0.59359,             0.54072,             0.27314,             0.05252,            0.012081,                   0,            0.070448,           0.0032836,           0.0032836
                   1,            0.052704,            0.020554,                   0,             0.56652,             0.58738,             0.62766,             0.34814,            0.041249,           0.0079173,                   0,            0.040435,           0.0066038,           0.0066038
                   2,             0.04448,            0.016768,                   0,             0.78734,             0.79252,             0.80904,             0.53442,            0.030316,           0.0080032,                   0,            0.010408,           0.0099108,           0.0099108
                   3,             0.03693,             0.01424,                   0,             0.92011,             0.85756,             0.92714,             0.64289,            0.024691,           0.0065582,                   0,           0.0099406,           0.0099406,           0.0099406
                   4,            0.034546,            0.014138,                   0,             0.92883,             0.86143,             0.93063,             0.65552,            0.023231,           0.0063544,                   0,           0.0099406,           0.0099406,           0.0099406
                   5,            0.031569,            0.012822,                   0,             0.92309,             0.89365,             0.94105,             0.71176,            0.020217,           0.0057055,                   0,           0.0099208,           0.0099208,           0.0099208
                   6,            0.028531,            0.012477,                   0,             0.91723,             0.89866,             0.94389,             0.75819,            0.018805,           0.0055254,                   0,            0.009901,            0.009901,            0.009901
                   7,            0.029405,            0.012663,                   0,             0.92183,             0.89024,             0.94039,             0.77036,            0.017049,           0.0054736,                   0,           0.0098812,           0.0098812,           0.0098812
                   8,            0.027493,            0.011562,                   0,             0.93266,             0.88108,             0.93454,             0.78358,            0.015539,           0.0055006,                   0,           0.0098614,           0.0098614,           0.0098614
                   9,            0.027676,            0.011676,                   0,              0.9415,             0.90279,             0.95125,             0.78029,            0.016327,           0.0050384,                   0,           0.0098416,           0.0098416,           0.0098416
                  10,             0.02647,            0.011131,                   0,             0.91925,             0.85005,             0.91343,             0.73947,            0.017861,           0.0059472,                   0,           0.0098218,           0.0098218,           0.0098218
                  11,            0.025647,            0.011373,                   0,             0.96429,             0.89371,             0.94756,             0.80326,             0.01573,           0.0051263,                   0,            0.009802,            0.009802,            0.009802
                  12,            0.024905,            0.010807,                   0,             0.95793,             0.87132,             0.94586,             0.82522,            0.014403,           0.0051093,                   0,           0.0097822,           0.0097822,           0.0097822
                  13,            0.025481,            0.011793,                   0,             0.89627,             0.86867,             0.93151,             0.79628,            0.015269,           0.0056694,                   0,           0.0097624,           0.0097624,           0.0097624
                  14,               0.025,            0.011506,                   0,             0.96404,              0.8871,             0.95275,             0.83534,            0.013942,           0.0049968,                   0,           0.0097426,           0.0097426,           0.0097426
                  15,             0.02569,            0.010926,                   0,             0.94568,             0.89555,             0.95009,             0.82906,            0.013345,           0.0050621,                   0,           0.0097228,           0.0097228,           0.0097228
                  16,            0.024046,             0.01106,                   0,              0.9562,             0.89142,             0.94522,             0.80803,            0.015831,            0.005171,                   0,            0.009703,            0.009703,            0.009703
                  17,            0.023353,            0.010458,                   0,             0.94438,             0.90279,             0.95664,             0.84591,            0.013396,           0.0047623,                   0,           0.0096832,           0.0096832,           0.0096832
                  18,            0.023949,            0.010599,                   0,             0.95137,             0.91046,             0.95647,             0.84032,            0.013392,           0.0046138,                   0,           0.0096634,           0.0096634,           0.0096634
                  19,            0.023431,            0.010609,                   0,             0.92981,             0.89042,             0.94684,             0.81979,            0.014109,           0.0051468,                   0,           0.0096436,           0.0096436,           0.0096436
                  20,            0.023487,            0.010617,                   0,             0.96352,             0.90141,             0.95572,             0.83109,            0.013764,           0.0048312,                   0,           0.0096238,           0.0096238,           0.0096238
                  21,            0.023226,            0.010675,                   0,             0.94958,             0.90796,             0.95643,             0.84661,            0.013156,           0.0045795,                   0,            0.009604,            0.009604,            0.009604
                  22,            0.023737,            0.010854,                   0,               0.932,             0.90176,             0.95009,             0.84285,            0.013524,           0.0048337,                   0,           0.0095842,           0.0095842,           0.0095842
                  23,            0.024561,            0.011514,                   0,             0.94175,             0.85273,             0.92254,              0.8137,            0.014476,             0.00565,                   0,           0.0095644,           0.0095644,           0.0095644
                  24,            0.022933,            0.010448,                   0,             0.95058,             0.91502,             0.96647,             0.86412,            0.012697,           0.0045225,                   0,           0.0095446,           0.0095446,           0.0095446
                  25,            0.022352,            0.010415,                   0,             0.94962,               0.909,             0.95685,             0.84948,            0.012893,           0.0046249,                   0,           0.0095248,           0.0095248,           0.0095248
                  26,            0.021967,            0.010236,                   0,             0.94423,             0.90486,             0.95253,             0.85305,            0.012781,           0.0047156,                   0,            0.009505,            0.009505,            0.009505
                  27,            0.021977,            0.010105,                   0,             0.96447,             0.89826,             0.95342,             0.85753,            0.012847,            0.004596,                   0,           0.0094852,           0.0094852,           0.0094852
                  28,            0.022335,            0.010482,                   0,             0.94037,             0.89555,             0.95421,             0.86834,            0.012279,           0.0050022,                   0,           0.0094654,           0.0094654,           0.0094654
                  29,            0.021657,            0.010246,                   0,             0.95297,             0.88018,             0.94938,             0.84616,            0.012726,           0.0046887,                   0,           0.0094456,           0.0094456,           0.0094456
                  30,            0.021378,            0.010189,                   0,             0.92549,             0.92347,             0.95756,             0.86171,            0.012404,           0.0045338,                   0,           0.0094258,           0.0094258,           0.0094258
                  31,            0.022013,            0.010444,                   0,             0.94477,             0.88452,             0.93813,              0.8446,            0.012669,           0.0050107,                   0,            0.009406,            0.009406,            0.009406
                  32,            0.022191,            0.009978,                   0,             0.93317,             0.90383,             0.95456,              0.8644,            0.011977,            0.004532,                   0,           0.0093862,           0.0093862,           0.0093862
                  33,            0.020789,           0.0097734,                   0,             0.95233,             0.90901,             0.95484,              0.8656,            0.012043,           0.0044579,                   0,           0.0093664,           0.0093664,           0.0093664
                  34,             0.02225,            0.010068,                   0,             0.96898,             0.90435,             0.95924,             0.87025,            0.012203,           0.0044126,                   0,           0.0093466,           0.0093466,           0.0093466
                  35,            0.020552,           0.0096312,                   0,             0.96951,             0.89969,             0.95612,             0.86142,            0.012119,           0.0044944,                   0,           0.0093268,           0.0093268,           0.0093268
                  36,             0.02145,            0.010079,                   0,             0.96065,             0.90877,             0.96276,             0.88004,            0.011755,           0.0042801,                   0,            0.009307,            0.009307,            0.009307
                  37,            0.019948,            0.009253,                   0,             0.96271,             0.89245,             0.95564,             0.86649,            0.012092,           0.0044643,                   0,           0.0092872,           0.0092872,           0.0092872
                  38,            0.020547,            0.010084,                   0,             0.95206,             0.92411,             0.96571,             0.87753,            0.011547,           0.0041818,                   0,           0.0092674,           0.0092674,           0.0092674
                  39,            0.020885,           0.0097029,                   0,             0.96195,             0.90693,             0.95884,             0.87592,            0.011952,             0.00439,                   0,           0.0092476,           0.0092476,           0.0092476
                  40,            0.020063,           0.0093932,                   0,              0.9504,             0.89762,             0.96138,             0.87829,             0.01147,           0.0044417,                   0,           0.0092278,           0.0092278,           0.0092278
                  41,            0.020585,           0.0095257,                   0,             0.95684,             0.90279,             0.96014,             0.87446,            0.011889,           0.0042832,                   0,            0.009208,            0.009208,            0.009208
                  42,            0.019282,           0.0094268,                   0,             0.94337,             0.91309,             0.96117,             0.88153,            0.011824,           0.0043891,                   0,           0.0091882,           0.0091882,           0.0091882
                  43,            0.020299,           0.0098316,                   0,             0.95875,             0.90693,             0.96044,             0.87575,            0.011431,            0.004248,                   0,           0.0091684,           0.0091684,           0.0091684
                  44,             0.01889,           0.0089459,                   0,             0.94548,             0.91417,             0.96038,              0.8755,            0.011737,           0.0042505,                   0,           0.0091486,           0.0091486,           0.0091486
                  45,            0.019663,             0.00912,                   0,             0.94887,             0.90693,              0.9605,             0.87701,            0.011498,           0.0044875,                   0,           0.0091288,           0.0091288,           0.0091288
                  46,            0.018914,           0.0089997,                   0,             0.96251,             0.90277,             0.95779,             0.88157,            0.011393,           0.0043825,                   0,            0.009109,            0.009109,            0.009109
                  47,            0.019591,           0.0095681,                   0,             0.96359,             0.90321,             0.95838,             0.87278,            0.011443,           0.0043861,                   0,           0.0090892,           0.0090892,           0.0090892
                  48,            0.019452,           0.0090547,                   0,             0.95816,             0.89987,             0.95602,             0.87845,            0.011385,           0.0044567,                   0,           0.0090694,           0.0090694,           0.0090694
                  49,            0.019445,           0.0092444,                   0,             0.95792,             0.90176,             0.95965,             0.87962,            0.011981,           0.0041772,                   0,           0.0090496,           0.0090496,           0.0090496
                  50,            0.019592,           0.0091568,                   0,             0.95491,             0.91624,             0.96245,             0.89127,            0.011317,           0.0041621,                   0,           0.0090298,           0.0090298,           0.0090298
                  51,            0.018968,            0.009293,                   0,             0.95329,             0.92037,             0.95885,             0.88405,            0.010856,           0.0041407,                   0,             0.00901,             0.00901,             0.00901
                  52,            0.019311,           0.0092501,                   0,              0.9559,             0.92244,             0.96292,             0.89143,            0.011178,           0.0040891,                   0,           0.0089902,           0.0089902,           0.0089902
                  53,            0.019584,           0.0089795,                   0,             0.96163,             0.90705,             0.96169,             0.89111,            0.011174,           0.0040882,                   0,           0.0089704,           0.0089704,           0.0089704
                  54,             0.01915,           0.0094633,                   0,              0.9745,             0.88211,             0.95418,              0.8867,             0.01114,           0.0043074,                   0,           0.0089506,           0.0089506,           0.0089506
                  55,            0.019816,            0.009614,                   0,             0.96603,             0.91153,             0.96484,             0.89654,            0.010966,           0.0041445,                   0,           0.0089308,           0.0089308,           0.0089308
                  56,            0.019325,           0.0094318,                   0,             0.95644,             0.89245,             0.95711,             0.88598,            0.010933,           0.0043417,                   0,            0.008911,            0.008911,            0.008911
                  57,            0.019707,           0.0093115,                   0,             0.96093,             0.91568,             0.96089,             0.88978,            0.010806,           0.0041358,                   0,           0.0088912,           0.0088912,           0.0088912
                  58,            0.018363,           0.0086864,                   0,             0.96401,             0.92554,             0.96821,             0.90011,            0.010724,           0.0038518,                   0,           0.0088714,           0.0088714,           0.0088714
                  59,            0.018778,           0.0092305,                   0,             0.96307,              0.9152,             0.96832,             0.90338,            0.010681,           0.0040275,                   0,           0.0088516,           0.0088516,           0.0088516
                  60,            0.018005,           0.0085631,                   0,             0.96442,              0.9121,             0.96592,             0.89792,             0.01064,           0.0040469,                   0,           0.0088318,           0.0088318,           0.0088318
                  61,            0.019301,           0.0087723,                   0,             0.96344,             0.89924,             0.95835,             0.89341,            0.010843,           0.0041521,                   0,            0.008812,            0.008812,            0.008812
                  62,            0.018338,           0.0086697,                   0,              0.9644,             0.89647,             0.95951,             0.89045,            0.010953,           0.0040906,                   0,           0.0087922,           0.0087922,           0.0087922
                  63,             0.01872,           0.0089631,                   0,               0.956,             0.91417,             0.95583,             0.89108,             0.01074,           0.0041606,                   0,           0.0087724,           0.0087724,           0.0087724
                  64,            0.018114,           0.0089001,                   0,             0.96088,             0.91438,             0.96145,             0.89262,            0.010815,           0.0040007,                   0,           0.0087526,           0.0087526,           0.0087526
                  65,            0.018266,           0.0088743,                   0,             0.96427,             0.92091,             0.96679,             0.89635,            0.010619,           0.0038989,                   0,           0.0087328,           0.0087328,           0.0087328
                  66,            0.018792,           0.0089085,                   0,             0.96252,             0.92347,             0.96426,             0.90117,            0.010442,           0.0040142,                   0,            0.008713,            0.008713,            0.008713
                  67,            0.019595,           0.0089589,                   0,              0.9547,             0.91532,              0.9603,             0.89674,             0.01091,           0.0039864,                   0,           0.0086932,           0.0086932,           0.0086932
                  68,            0.018373,           0.0088831,                   0,             0.96796,             0.90607,               0.958,              0.8972,            0.010633,           0.0042588,                   0,           0.0086734,           0.0086734,           0.0086734
                  69,            0.019162,           0.0090864,                   0,             0.96678,             0.90289,             0.95591,             0.89805,            0.010656,           0.0042156,                   0,           0.0086536,           0.0086536,           0.0086536
                  70,            0.017872,           0.0088126,                   0,             0.95957,              0.9152,             0.96186,             0.90039,            0.010532,           0.0039954,                   0,           0.0086338,           0.0086338,           0.0086338
                  71,            0.018565,           0.0090273,                   0,             0.96544,             0.90589,             0.96374,             0.89861,            0.010642,           0.0039995,                   0,            0.008614,            0.008614,            0.008614
                  72,             0.01772,           0.0083897,                   0,             0.95283,             0.91313,             0.96191,             0.89776,            0.010673,           0.0041296,                   0,           0.0085942,           0.0085942,           0.0085942
                  73,            0.017896,            0.008941,                   0,             0.96021,             0.89834,             0.95839,             0.89641,            0.010813,           0.0040796,                   0,           0.0085744,           0.0085744,           0.0085744
                  74,            0.018232,           0.0084947,                   0,              0.9601,             0.92065,             0.96486,             0.90743,            0.010133,           0.0037561,                   0,           0.0085546,           0.0085546,           0.0085546
                  75,            0.018298,            0.008853,                   0,             0.97034,             0.91343,             0.96574,             0.90502,            0.010384,           0.0038251,                   0,           0.0085348,           0.0085348,           0.0085348
                  76,            0.018671,           0.0092117,                   0,             0.96375,             0.91624,             0.96435,              0.8996,            0.010401,           0.0038781,                   0,            0.008515,            0.008515,            0.008515
                  77,            0.017756,           0.0085583,                   0,              0.9691,             0.90797,             0.96093,             0.90569,            0.010277,           0.0040972,                   0,           0.0084952,           0.0084952,           0.0084952
                  78,            0.018347,           0.0086109,                   0,              0.9504,             0.91624,             0.96495,             0.90546,            0.010295,           0.0040175,                   0,           0.0084754,           0.0084754,           0.0084754
                  79,            0.017393,            0.007931,                   0,              0.9608,             0.91254,             0.96448,             0.90803,            0.010294,           0.0038677,                   0,           0.0084556,           0.0084556,           0.0084556
                  80,              0.0181,           0.0083742,                   0,             0.96491,             0.90998,             0.96099,             0.90233,            0.010112,           0.0039355,                   0,           0.0084358,           0.0084358,           0.0084358
                  81,            0.017242,           0.0082901,                   0,             0.97134,             0.89866,             0.95964,             0.90334,            0.010527,           0.0041008,                   0,            0.008416,            0.008416,            0.008416
                  82,            0.018123,           0.0084753,                   0,             0.96538,             0.92272,             0.96484,             0.90403,            0.010137,           0.0039485,                   0,           0.0083962,           0.0083962,           0.0083962
                  83,            0.017923,           0.0084685,                   0,             0.96689,             0.90602,             0.96442,             0.90947,            0.010093,           0.0038633,                   0,           0.0083764,           0.0083764,           0.0083764
                  84,            0.017611,           0.0082485,                   0,             0.98167,             0.89555,             0.95522,             0.90444,             0.01042,           0.0041198,                   0,           0.0083566,           0.0083566,           0.0083566
                  85,            0.017749,           0.0085308,                   0,              0.9639,             0.91107,             0.96349,             0.90654,           0.0099107,            0.003951,                   0,           0.0083368,           0.0083368,           0.0083368
                  86,            0.017951,           0.0082124,                   0,             0.96254,             0.90333,             0.96095,             0.90411,                0.01,           0.0039964,                   0,            0.008317,            0.008317,            0.008317
                  87,            0.017533,           0.0087216,                   0,              0.9562,               0.909,             0.95747,             0.89747,            0.010128,           0.0040429,                   0,           0.0082972,           0.0082972,           0.0082972
                  88,            0.017242,           0.0079942,                   0,             0.96864,             0.89448,             0.95692,             0.90418,           0.0099623,           0.0041076,                   0,           0.0082774,           0.0082774,           0.0082774
                  89,            0.018682,           0.0088473,                   0,             0.96011,             0.91417,             0.96304,              0.9077,            0.010149,           0.0038734,                   0,           0.0082576,           0.0082576,           0.0082576
                  90,            0.017587,            0.008729,                   0,             0.96847,             0.92123,             0.95591,             0.90009,            0.010334,           0.0040737,                   0,           0.0082378,           0.0082378,           0.0082378
                  91,            0.018164,           0.0085665,                   0,              0.9661,             0.90383,             0.96139,             0.90738,           0.0098493,           0.0039655,                   0,            0.008218,            0.008218,            0.008218
                  92,            0.017087,           0.0085772,                   0,             0.96357,              0.9121,             0.96439,             0.90811,            0.010016,           0.0038062,                   0,           0.0081982,           0.0081982,           0.0081982
                  93,            0.017323,           0.0085318,                   0,             0.97004,             0.91003,              0.9667,             0.91191,            0.010082,            0.003833,                   0,           0.0081784,           0.0081784,           0.0081784
                  94,            0.017753,           0.0086138,                   0,             0.96475,             0.90579,             0.96157,             0.90322,           0.0099035,           0.0039746,                   0,           0.0081586,           0.0081586,           0.0081586
                  95,            0.017309,           0.0080921,                   0,             0.96713,             0.91284,             0.96595,             0.90849,            0.010238,           0.0037102,                   0,           0.0081388,           0.0081388,           0.0081388
                  96,            0.017855,           0.0086522,                   0,             0.95502,             0.92216,             0.96505,             0.91102,           0.0099879,           0.0038432,                   0,            0.008119,            0.008119,            0.008119
                  97,            0.016723,            0.008329,                   0,             0.96709,             0.91157,             0.96332,             0.91012,           0.0098994,           0.0038594,                   0,           0.0080992,           0.0080992,           0.0080992
                  98,            0.016853,           0.0079345,                   0,             0.97732,             0.91003,             0.96782,             0.91666,           0.0098146,           0.0037215,                   0,           0.0080794,           0.0080794,           0.0080794
                  99,            0.017601,            0.008441,                   0,             0.95808,             0.92187,             0.96411,             0.90751,            0.010053,           0.0037158,                   0,           0.0080596,           0.0080596,           0.0080596
                 100,             0.01627,           0.0079942,                   0,             0.95433,             0.92922,             0.96542,             0.91408,           0.0099487,           0.0036512,                   0,           0.0080398,           0.0080398,           0.0080398
                 101,            0.017342,           0.0080706,                   0,             0.96298,              0.9152,             0.96625,             0.91534,           0.0095625,           0.0037265,                   0,             0.00802,             0.00802,             0.00802
                 102,            0.016855,           0.0079663,                   0,             0.94177,             0.93588,             0.96865,             0.91599,           0.0095434,            0.003671,                   0,           0.0080002,           0.0080002,           0.0080002
                 103,             0.01686,           0.0082038,                   0,             0.97127,             0.90896,             0.96664,             0.91831,            0.009642,           0.0037082,                   0,           0.0079804,           0.0079804,           0.0079804
                 104,            0.017153,           0.0082146,                   0,             0.94652,             0.93071,             0.96801,             0.91639,           0.0096122,           0.0036795,                   0,           0.0079606,           0.0079606,           0.0079606
                 105,            0.017376,           0.0085433,                   0,             0.95218,             0.92669,             0.96364,             0.91532,           0.0095754,           0.0037481,                   0,           0.0079408,           0.0079408,           0.0079408
                 106,            0.015897,           0.0078265,                   0,             0.96551,             0.92141,             0.96693,             0.91853,           0.0094258,           0.0035692,                   0,            0.007921,            0.007921,            0.007921
                 107,            0.016941,            0.007843,                   0,             0.95307,             0.92406,             0.96262,              0.9147,            0.009815,           0.0037138,                   0,           0.0079012,           0.0079012,           0.0079012
                 108,            0.017454,           0.0084919,                   0,             0.96569,              0.9152,             0.96335,             0.91497,           0.0098118,           0.0036506,                   0,           0.0078814,           0.0078814,           0.0078814
                 109,            0.017351,           0.0086258,                   0,             0.95355,             0.92244,             0.96449,             0.91588,           0.0096826,           0.0036827,                   0,           0.0078616,           0.0078616,           0.0078616
                 110,            0.017195,           0.0080563,                   0,             0.95365,             0.93278,             0.96745,             0.92073,            0.009645,           0.0036485,                   0,           0.0078418,           0.0078418,           0.0078418
                 111,            0.016856,           0.0081899,                   0,              0.9637,              0.9059,             0.96501,             0.91515,            0.009684,           0.0038033,                   0,            0.007822,            0.007822,            0.007822
                 112,            0.016433,           0.0079607,                   0,             0.95707,             0.92222,             0.96626,             0.91945,           0.0097347,           0.0037649,                   0,           0.0078022,           0.0078022,           0.0078022
                 113,            0.016213,           0.0080602,                   0,             0.96755,             0.91313,              0.9673,             0.91764,           0.0095122,           0.0036462,                   0,           0.0077824,           0.0077824,           0.0077824
                 114,            0.017047,           0.0082322,                   0,             0.96711,             0.91211,             0.96585,             0.91507,           0.0096392,           0.0037158,                   0,           0.0077626,           0.0077626,           0.0077626
                 115,            0.016095,           0.0078453,                   0,             0.96426,             0.92078,             0.96483,             0.91508,           0.0095269,           0.0037331,                   0,           0.0077428,           0.0077428,           0.0077428
                 116,            0.016716,           0.0080158,                   0,             0.97003,             0.90382,             0.96341,             0.91262,           0.0096597,           0.0038265,                   0,            0.007723,            0.007723,            0.007723
                 117,            0.016707,           0.0081026,                   0,             0.96939,             0.91687,             0.96184,             0.91262,           0.0096986,           0.0037439,                   0,           0.0077032,           0.0077032,           0.0077032
                 118,            0.016282,           0.0078903,                   0,             0.96792,             0.91417,             0.96438,             0.91344,            0.009616,            0.003692,                   0,           0.0076834,           0.0076834,           0.0076834
                 119,             0.01695,           0.0079406,                   0,             0.95963,             0.92347,             0.96611,             0.91642,           0.0095053,           0.0036247,                   0,           0.0076636,           0.0076636,           0.0076636
                 120,            0.016645,            0.008164,                   0,             0.95481,             0.92244,             0.96465,             0.91586,           0.0095653,           0.0036557,                   0,           0.0076438,           0.0076438,           0.0076438
                 121,            0.016821,           0.0081306,                   0,             0.95864,             0.91077,             0.96557,             0.91596,            0.009434,           0.0036987,                   0,            0.007624,            0.007624,            0.007624
                 122,            0.017421,           0.0080709,                   0,             0.95948,             0.90614,             0.96394,             0.91699,           0.0096494,           0.0036754,                   0,           0.0076042,           0.0076042,           0.0076042
                 123,            0.016154,           0.0079586,                   0,             0.97213,             0.90279,              0.9638,             0.91658,           0.0095623,           0.0036171,                   0,           0.0075844,           0.0075844,           0.0075844
                 124,            0.016383,           0.0079722,                   0,              0.9626,             0.90501,             0.96551,             0.91569,            0.009516,           0.0036554,                   0,           0.0075646,           0.0075646,           0.0075646
                 125,            0.016179,           0.0080812,                   0,             0.97401,             0.90176,              0.9649,             0.91717,            0.009373,           0.0036707,                   0,           0.0075448,           0.0075448,           0.0075448
                 126,            0.016463,           0.0083244,                   0,             0.94864,             0.93601,             0.96741,             0.91985,           0.0093747,           0.0035697,                   0,            0.007525,            0.007525,            0.007525
                 127,            0.016192,           0.0079364,                   0,             0.95147,             0.93262,             0.96821,              0.9205,           0.0094226,           0.0035993,                   0,           0.0075052,           0.0075052,           0.0075052
                 128,            0.015353,           0.0075602,                   0,             0.95496,             0.93278,             0.96537,             0.91931,           0.0093855,           0.0036512,                   0,           0.0074854,           0.0074854,           0.0074854
                 129,            0.016439,            0.008185,                   0,             0.95421,             0.92668,             0.96447,              0.9193,           0.0093165,           0.0036715,                   0,           0.0074656,           0.0074656,           0.0074656
                 130,            0.017085,           0.0083548,                   0,             0.96473,             0.92141,             0.96671,             0.92442,           0.0091336,           0.0036464,                   0,           0.0074458,           0.0074458,           0.0074458
                 131,            0.016511,           0.0081572,                   0,             0.96062,             0.93347,             0.96675,             0.92141,           0.0092138,           0.0036168,                   0,            0.007426,            0.007426,            0.007426
                 132,             0.01524,            0.007538,                   0,             0.96072,             0.93175,             0.96598,             0.92225,           0.0091905,           0.0035737,                   0,           0.0074062,           0.0074062,           0.0074062
                 133,              0.0172,           0.0081815,                   0,             0.95476,             0.93854,             0.96751,              0.9239,           0.0092341,           0.0035177,                   0,           0.0073864,           0.0073864,           0.0073864
                 134,             0.01593,           0.0076388,                   0,             0.96381,             0.92865,             0.96796,             0.92173,           0.0091648,           0.0034796,                   0,           0.0073666,           0.0073666,           0.0073666
                 135,            0.015999,           0.0076644,                   0,             0.95007,             0.94105,             0.96939,             0.92189,           0.0093116,           0.0034439,                   0,           0.0073468,           0.0073468,           0.0073468
                 136,            0.015956,           0.0076923,                   0,             0.96524,             0.92658,             0.96877,             0.92306,           0.0092084,           0.0034359,                   0,            0.007327,            0.007327,            0.007327
                 137,            0.016535,            0.007938,                   0,             0.96858,             0.92451,             0.96931,             0.92377,           0.0090747,           0.0034461,                   0,           0.0073072,           0.0073072,           0.0073072
                 138,            0.015929,           0.0076608,                   0,              0.9614,             0.92451,             0.96918,             0.92257,           0.0090176,           0.0034694,                   0,           0.0072874,           0.0072874,           0.0072874
                 139,             0.01673,           0.0078725,                   0,             0.96559,              0.9286,             0.97089,             0.92223,           0.0090639,           0.0034987,                   0,           0.0072676,           0.0072676,           0.0072676
                 140,            0.015842,           0.0077562,                   0,             0.96635,             0.92071,              0.9672,             0.92062,           0.0091253,           0.0036399,                   0,           0.0072478,           0.0072478,           0.0072478
                 141,            0.016454,           0.0080924,                   0,             0.97362,             0.91003,             0.96772,             0.92231,           0.0091123,           0.0035908,                   0,            0.007228,            0.007228,            0.007228
                 142,            0.015847,           0.0076752,                   0,              0.9582,             0.92456,             0.96989,             0.92375,           0.0091446,           0.0035259,                   0,           0.0072082,           0.0072082,           0.0072082
                 143,            0.015078,           0.0073486,                   0,             0.96357,             0.92761,              0.9711,             0.92452,           0.0090814,           0.0035024,                   0,           0.0071884,           0.0071884,           0.0071884
                 144,            0.016045,           0.0078353,                   0,             0.96316,             0.93071,             0.97091,             0.92545,           0.0092293,           0.0035156,                   0,           0.0071686,           0.0071686,           0.0071686
                 145,            0.016218,           0.0079958,                   0,             0.96495,             0.93175,             0.97102,             0.92581,           0.0092012,            0.003511,                   0,           0.0071488,           0.0071488,           0.0071488
                 146,             0.01597,           0.0077864,                   0,             0.97782,             0.91624,             0.96775,             0.92445,           0.0091421,           0.0035528,                   0,            0.007129,            0.007129,            0.007129
                 147,            0.015483,            0.007713,                   0,             0.97802,             0.91417,             0.96682,             0.92296,           0.0090968,           0.0036051,                   0,           0.0071092,           0.0071092,           0.0071092
                 148,            0.016418,           0.0079536,                   0,              0.9704,             0.92244,             0.96603,             0.92161,           0.0090852,            0.003587,                   0,           0.0070894,           0.0070894,           0.0070894
                 149,            0.016852,           0.0083081,                   0,             0.96926,             0.92347,             0.96718,             0.92149,           0.0090811,           0.0035791,                   0,           0.0070696,           0.0070696,           0.0070696
                 150,             0.01578,           0.0074254,                   0,              0.9625,             0.92886,             0.96868,             0.92291,           0.0090623,           0.0035196,                   0,           0.0070498,           0.0070498,           0.0070498
                 151,            0.015932,           0.0077921,                   0,             0.96656,             0.93071,             0.96931,             0.92285,            0.009059,           0.0034695,                   0,             0.00703,             0.00703,             0.00703
                 152,             0.01578,           0.0078069,                   0,             0.97597,              0.9242,             0.96938,             0.92455,           0.0090842,           0.0034557,                   0,           0.0070102,           0.0070102,           0.0070102
                 153,            0.015432,           0.0077548,                   0,             0.97276,             0.92324,             0.96833,             0.92735,           0.0090654,           0.0034905,                   0,           0.0069904,           0.0069904,           0.0069904
                 154,            0.015612,           0.0075487,                   0,              0.9579,             0.93485,             0.97002,             0.92593,           0.0090442,           0.0034798,                   0,           0.0069706,           0.0069706,           0.0069706
                 155,            0.016393,           0.0078309,                   0,             0.96383,             0.92347,             0.96889,             0.92807,           0.0089798,            0.003494,                   0,           0.0069508,           0.0069508,           0.0069508
                 156,            0.015518,           0.0074844,                   0,             0.96238,             0.92586,             0.96747,             0.92497,           0.0090195,           0.0034781,                   0,            0.006931,            0.006931,            0.006931
                 157,            0.014804,           0.0075768,                   0,             0.95239,               0.931,             0.96878,             0.92617,           0.0090887,            0.003495,                   0,           0.0069112,           0.0069112,           0.0069112
                 158,             0.01642,           0.0077175,                   0,             0.95226,             0.93692,             0.96933,             0.92799,           0.0091193,           0.0034905,                   0,           0.0068914,           0.0068914,           0.0068914
                 159,            0.015819,            0.007626,                   0,             0.94442,             0.94209,              0.9694,             0.92761,           0.0090604,           0.0034987,                   0,           0.0068716,           0.0068716,           0.0068716
                 160,            0.015258,           0.0074474,                   0,             0.94767,             0.93639,             0.97005,             0.92699,           0.0090323,           0.0034988,                   0,           0.0068518,           0.0068518,           0.0068518
                 161,            0.016158,           0.0081887,                   0,             0.95585,             0.92865,             0.96871,             0.92725,           0.0089644,           0.0035142,                   0,            0.006832,            0.006832,            0.006832
                 162,            0.015471,           0.0076718,                   0,              0.9574,              0.9296,             0.96968,             0.92851,           0.0089046,           0.0035237,                   0,           0.0068122,           0.0068122,           0.0068122
                 163,            0.016263,           0.0080584,                   0,             0.96626,              0.9183,             0.96948,             0.92931,           0.0087915,           0.0035147,                   0,           0.0067924,           0.0067924,           0.0067924
                 164,            0.015453,           0.0073707,                   0,             0.97206,             0.91727,              0.9697,             0.92811,           0.0087939,            0.003491,                   0,           0.0067726,           0.0067726,           0.0067726
                 165,            0.015097,           0.0075852,                   0,             0.97482,             0.92099,             0.96979,             0.93008,           0.0088659,           0.0034742,                   0,           0.0067528,           0.0067528,           0.0067528
                 166,            0.015285,           0.0075246,                   0,             0.97112,             0.92658,             0.96974,             0.92861,            0.008851,           0.0034634,                   0,            0.006733,            0.006733,            0.006733
                 167,            0.015694,           0.0073834,                   0,             0.96982,             0.92244,             0.97028,             0.92788,            0.008849,           0.0034885,                   0,           0.0067132,           0.0067132,           0.0067132
                 168,            0.015753,           0.0077989,                   0,             0.97232,             0.92554,             0.97086,              0.9301,           0.0088429,           0.0034743,                   0,           0.0066934,           0.0066934,           0.0066934
                 169,            0.015669,           0.0072026,                   0,             0.96577,             0.93355,             0.96961,             0.92963,           0.0087826,           0.0034346,                   0,           0.0066736,           0.0066736,           0.0066736
                 170,            0.015235,           0.0071814,                   0,              0.9597,             0.93577,             0.97083,              0.9296,           0.0087714,           0.0034291,                   0,           0.0066538,           0.0066538,           0.0066538
                 171,            0.015698,           0.0075608,                   0,             0.95678,             0.93866,             0.97053,             0.93081,           0.0087897,           0.0034261,                   0,            0.006634,            0.006634,            0.006634
                 172,            0.015363,           0.0078559,                   0,             0.95209,             0.94312,             0.97069,             0.92997,           0.0087753,            0.003424,                   0,           0.0066142,           0.0066142,           0.0066142
                 173,            0.015548,             0.00721,                   0,             0.96299,             0.93485,             0.97081,             0.93058,           0.0087596,           0.0034279,                   0,           0.0065944,           0.0065944,           0.0065944
                 174,            0.015026,           0.0074626,                   0,              0.9646,             0.93485,             0.97133,             0.93113,            0.008743,           0.0034016,                   0,           0.0065746,           0.0065746,           0.0065746
                 175,            0.016075,           0.0076432,                   0,             0.95548,             0.93692,               0.971,             0.93058,           0.0087286,           0.0033905,                   0,           0.0065548,           0.0065548,           0.0065548
                 176,            0.015928,           0.0077287,                   0,             0.94906,             0.94404,             0.97144,             0.93116,           0.0087144,           0.0033705,                   0,            0.006535,            0.006535,            0.006535
                 177,            0.015838,            0.007727,                   0,             0.97066,             0.92377,             0.97148,             0.93171,           0.0087096,            0.003345,                   0,           0.0065152,           0.0065152,           0.0065152
                 178,            0.015512,             0.00768,                   0,             0.96672,             0.92451,             0.97114,             0.93152,           0.0087322,            0.003377,                   0,           0.0064954,           0.0064954,           0.0064954
                 179,            0.014899,           0.0072225,                   0,             0.96863,             0.92761,             0.97121,             0.93119,           0.0087403,           0.0033687,                   0,           0.0064756,           0.0064756,           0.0064756
                 180,            0.015841,           0.0079725,                   0,             0.96673,             0.92554,             0.97129,             0.93098,           0.0087306,           0.0033419,                   0,           0.0064558,           0.0064558,           0.0064558
                 181,            0.015817,           0.0074599,                   0,             0.97005,             0.92141,             0.97099,              0.9302,           0.0087449,           0.0033389,                   0,            0.006436,            0.006436,            0.006436
                 182,             0.01543,           0.0076642,                   0,             0.96646,             0.92376,             0.97067,             0.92918,           0.0087777,           0.0033252,                   0,           0.0064162,           0.0064162,           0.0064162
                 183,            0.014726,           0.0075176,                   0,             0.97064,             0.92297,             0.97163,             0.93054,           0.0087935,           0.0033219,                   0,           0.0063964,           0.0063964,           0.0063964
                 184,             0.01602,           0.0076382,                   0,             0.96879,             0.92451,             0.97212,             0.93044,           0.0088065,           0.0033339,                   0,           0.0063766,           0.0063766,           0.0063766
                 185,            0.015861,           0.0077228,                   0,             0.96852,             0.92261,             0.97224,             0.93151,           0.0088133,           0.0033328,                   0,           0.0063568,           0.0063568,           0.0063568
                 186,            0.014891,           0.0075105,                   0,             0.97249,             0.92141,             0.97197,             0.93135,           0.0088289,           0.0033293,                   0,            0.006337,            0.006337,            0.006337
                 187,            0.015005,           0.0074545,                   0,             0.97376,             0.92088,             0.97229,             0.93237,           0.0088457,           0.0033233,                   0,           0.0063172,           0.0063172,           0.0063172
                 188,            0.014938,           0.0074828,                   0,             0.97188,             0.92037,             0.97259,             0.93232,           0.0088138,           0.0033262,                   0,           0.0062974,           0.0062974,           0.0062974
                 189,            0.014817,           0.0070851,                   0,             0.97262,             0.92244,             0.97268,             0.93197,            0.008823,           0.0033127,                   0,           0.0062776,           0.0062776,           0.0062776
                 190,            0.014571,           0.0073398,                   0,             0.97336,             0.92141,             0.97298,             0.93097,            0.008825,           0.0033124,                   0,           0.0062578,           0.0062578,           0.0062578
                 191,            0.014875,           0.0074823,                   0,             0.97465,             0.92141,             0.97255,             0.93065,           0.0088497,           0.0033312,                   0,            0.006238,            0.006238,            0.006238
                 192,             0.01574,           0.0076867,                   0,             0.97479,             0.91984,             0.97193,             0.93113,           0.0088678,           0.0033589,                   0,           0.0062182,           0.0062182,           0.0062182
                 193,            0.014821,           0.0073542,                   0,             0.95268,             0.93688,             0.97183,             0.93058,           0.0088545,            0.003375,                   0,           0.0061984,           0.0061984,           0.0061984
                 194,            0.014718,           0.0076104,                   0,             0.95881,             0.93175,             0.97112,             0.92907,           0.0088592,           0.0033865,                   0,           0.0061786,           0.0061786,           0.0061786
                 195,            0.014511,           0.0071572,                   0,             0.96851,             0.92233,             0.97079,             0.92933,           0.0088619,           0.0033926,                   0,           0.0061588,           0.0061588,           0.0061588
                 196,            0.015796,           0.0078336,                   0,             0.96752,             0.92421,             0.97127,             0.92945,           0.0088657,           0.0033979,                   0,            0.006139,            0.006139,            0.006139
                 197,            0.015317,           0.0076714,                   0,             0.96654,              0.9261,             0.97078,             0.92974,           0.0088597,           0.0033953,                   0,           0.0061192,           0.0061192,           0.0061192
                 198,            0.015762,           0.0075062,                   0,             0.96596,             0.92658,             0.96873,             0.92865,           0.0088705,           0.0034054,                   0,           0.0060994,           0.0060994,           0.0060994
                 199,            0.014725,            0.007467,                   0,             0.96349,             0.92777,             0.96895,             0.92874,           0.0089011,           0.0034014,                   0,           0.0060796,           0.0060796,           0.0060796
                 200,            0.014726,           0.0074807,                   0,               0.959,             0.93071,             0.96769,             0.92708,           0.0088955,           0.0034045,                   0,           0.0060598,           0.0060598,           0.0060598
                 201,            0.014759,           0.0072903,                   0,             0.96344,             0.92647,             0.96797,             0.92781,           0.0088986,           0.0034079,                   0,             0.00604,             0.00604,             0.00604
                 202,            0.014844,           0.0071417,                   0,             0.95682,             0.93278,             0.96793,             0.92803,            0.008891,           0.0034187,                   0,           0.0060202,           0.0060202,           0.0060202
                 203,            0.015083,           0.0072862,                   0,             0.96561,             0.92347,              0.9674,             0.92791,           0.0088901,           0.0034274,                   0,           0.0060004,           0.0060004,           0.0060004
                 204,            0.014915,           0.0071873,                   0,             0.96447,             0.92633,             0.96779,             0.92834,            0.008887,           0.0034296,                   0,           0.0059806,           0.0059806,           0.0059806
                 205,            0.015398,           0.0075319,                   0,             0.95846,             0.93064,             0.96768,             0.92805,            0.008885,           0.0034286,                   0,           0.0059608,           0.0059608,           0.0059608
                 206,            0.014819,           0.0076922,                   0,             0.95776,             0.93382,              0.9676,             0.92829,           0.0088738,           0.0034198,                   0,            0.005941,            0.005941,            0.005941
                 207,            0.014274,           0.0071221,                   0,             0.95765,             0.93795,             0.96797,             0.92859,           0.0088689,           0.0034174,                   0,           0.0059212,           0.0059212,           0.0059212
                 208,            0.014713,           0.0070863,                   0,             0.96353,             0.93175,             0.96794,             0.92835,           0.0088706,           0.0034193,                   0,           0.0059014,           0.0059014,           0.0059014
                 209,            0.014314,           0.0072473,                   0,             0.96368,             0.93281,             0.96785,             0.92747,           0.0088612,           0.0034094,                   0,           0.0058816,           0.0058816,           0.0058816
                 210,            0.014968,           0.0073395,                   0,             0.96541,             0.93175,             0.96781,             0.92739,           0.0088549,           0.0034006,                   0,           0.0058618,           0.0058618,           0.0058618
                 211,            0.014622,             0.00699,                   0,             0.96833,             0.92968,             0.96667,             0.92826,           0.0088488,           0.0033942,                   0,            0.005842,            0.005842,            0.005842
                 212,            0.015082,           0.0072084,                   0,             0.96258,             0.93485,             0.96697,             0.92861,           0.0088352,           0.0033935,                   0,           0.0058222,           0.0058222,           0.0058222
                 213,            0.014636,            0.007203,                   0,             0.96274,             0.93382,              0.9671,             0.92872,           0.0088406,           0.0033957,                   0,           0.0058024,           0.0058024,           0.0058024
                 214,            0.014599,            0.006943,                   0,             0.96334,             0.93485,             0.96743,             0.92968,           0.0088451,           0.0033947,                   0,           0.0057826,           0.0057826,           0.0057826
                 215,            0.015077,           0.0074168,                   0,             0.96204,             0.93485,             0.96747,             0.92948,           0.0088527,           0.0033969,                   0,           0.0057628,           0.0057628,           0.0057628
                 216,            0.014606,           0.0072976,                   0,             0.96162,             0.93281,             0.96753,             0.92915,           0.0088397,           0.0033907,                   0,            0.005743,            0.005743,            0.005743
                 217,            0.014629,           0.0071426,                   0,             0.96867,             0.92554,             0.96823,             0.92965,           0.0088231,           0.0033899,                   0,           0.0057232,           0.0057232,           0.0057232
                 218,            0.014328,           0.0070231,                   0,             0.96165,             0.93343,             0.96833,             0.92992,            0.008822,            0.003396,                   0,           0.0057034,           0.0057034,           0.0057034
                 219,            0.014441,           0.0072023,                   0,             0.95869,              0.9359,              0.9686,             0.93019,           0.0088126,             0.00339,                   0,           0.0056836,           0.0056836,           0.0056836
                 220,            0.014788,           0.0075182,                   0,             0.95954,             0.93795,             0.96872,             0.93008,           0.0088062,           0.0033942,                   0,           0.0056638,           0.0056638,           0.0056638
                 221,            0.015679,           0.0074067,                   0,              0.9627,             0.92968,             0.96892,              0.9288,           0.0088086,           0.0033983,                   0,            0.005644,            0.005644,            0.005644
                 222,            0.014363,            0.007247,                   0,             0.96264,              0.9327,             0.96935,             0.92895,           0.0088092,           0.0033983,                   0,           0.0056242,           0.0056242,           0.0056242
                 223,             0.01491,           0.0072372,                   0,              0.9577,             0.93664,             0.96945,             0.92928,           0.0088146,           0.0033981,                   0,           0.0056044,           0.0056044,           0.0056044
                 224,            0.014787,           0.0070787,                   0,             0.96968,             0.92595,             0.96975,             0.92941,           0.0088165,           0.0033976,                   0,           0.0055846,           0.0055846,           0.0055846
                 225,            0.014123,           0.0069537,                   0,             0.97071,             0.92451,             0.97008,             0.92954,           0.0088078,           0.0033965,                   0,           0.0055648,           0.0055648,           0.0055648
                 226,            0.013685,           0.0068275,                   0,              0.9656,             0.92893,             0.96976,             0.92954,           0.0088127,           0.0033943,                   0,            0.005545,            0.005545,            0.005545
                 227,            0.014533,           0.0070241,                   0,             0.97069,             0.92455,             0.96952,             0.92952,           0.0088098,           0.0033933,                   0,           0.0055252,           0.0055252,           0.0055252
                 228,            0.014646,           0.0073624,                   0,             0.95874,             0.93706,             0.96951,             0.92938,           0.0088066,           0.0033905,                   0,           0.0055054,           0.0055054,           0.0055054
                 229,            0.014781,           0.0069296,                   0,              0.9707,             0.92554,             0.96971,             0.93003,           0.0087992,            0.003389,                   0,           0.0054856,           0.0054856,           0.0054856
                 230,            0.014596,           0.0071808,                   0,             0.97122,             0.92451,             0.96971,              0.9299,              0.0088,           0.0033888,                   0,           0.0054658,           0.0054658,           0.0054658
                 231,            0.014196,           0.0069774,                   0,             0.96071,             0.93558,             0.96962,             0.93046,           0.0087982,           0.0033862,                   0,            0.005446,            0.005446,            0.005446
                 232,            0.014843,           0.0073969,                   0,             0.96071,             0.93567,              0.9697,             0.93015,           0.0088003,           0.0033837,                   0,           0.0054262,           0.0054262,           0.0054262
                 233,              0.0136,           0.0066256,                   0,             0.96068,             0.93496,             0.96956,             0.93055,           0.0088049,           0.0033807,                   0,           0.0054064,           0.0054064,           0.0054064
                 234,            0.015504,           0.0074413,                   0,              0.9607,             0.93538,             0.96944,             0.92997,            0.008805,           0.0033783,                   0,           0.0053866,           0.0053866,           0.0053866
                 235,            0.014326,           0.0069474,                   0,             0.97118,             0.92554,             0.96945,             0.93064,           0.0088006,           0.0033761,                   0,           0.0053668,           0.0053668,           0.0053668
                 236,            0.014235,           0.0071789,                   0,             0.97178,              0.9259,              0.9697,             0.93074,           0.0087979,           0.0033728,                   0,            0.005347,            0.005347,            0.005347
                 237,            0.014877,           0.0073219,                   0,             0.97178,             0.92581,             0.96993,             0.93122,           0.0087973,           0.0033737,                   0,           0.0053272,           0.0053272,           0.0053272
                 238,            0.013738,           0.0071096,                   0,             0.96177,             0.93657,             0.97001,             0.93108,           0.0087945,            0.003373,                   0,           0.0053074,           0.0053074,           0.0053074
                 239,            0.013992,           0.0068346,                   0,              0.9628,             0.93671,             0.96997,             0.93102,           0.0087966,           0.0033722,                   0,           0.0052876,           0.0052876,           0.0052876
                 240,            0.013757,           0.0065078,                   0,             0.96183,             0.93818,             0.97007,              0.9312,           0.0088028,           0.0033725,                   0,           0.0052678,           0.0052678,           0.0052678
                 241,            0.014524,           0.0071676,                   0,             0.96185,              0.9385,              0.9702,             0.93138,           0.0087975,           0.0033705,                   0,            0.005248,            0.005248,            0.005248
                 242,            0.014062,           0.0071946,                   0,             0.96081,             0.93814,             0.97018,             0.93144,           0.0087955,           0.0033703,                   0,           0.0052282,           0.0052282,           0.0052282
                 243,            0.014683,            0.007027,                   0,             0.96083,             0.93846,             0.97032,             0.93094,           0.0087893,           0.0033713,                   0,           0.0052084,           0.0052084,           0.0052084
                 244,            0.014755,           0.0069753,                   0,             0.95933,             0.93795,             0.97009,             0.93096,           0.0087832,           0.0033714,                   0,           0.0051886,           0.0051886,           0.0051886
                 245,            0.013495,            0.006761,                   0,             0.95892,             0.93795,             0.97018,             0.93089,           0.0087795,           0.0033711,                   0,           0.0051688,           0.0051688,           0.0051688
                 246,            0.013797,            0.006827,                   0,             0.95878,             0.93812,             0.97042,             0.93105,           0.0087801,           0.0033711,                   0,            0.005149,            0.005149,            0.005149
                 247,            0.013751,           0.0063976,                   0,             0.95878,             0.93806,             0.97043,             0.93074,           0.0087777,           0.0033709,                   0,           0.0051292,           0.0051292,           0.0051292
                 248,            0.014262,           0.0072295,                   0,             0.95878,             0.93803,             0.97072,             0.93116,           0.0087749,           0.0033707,                   0,           0.0051094,           0.0051094,           0.0051094
                 249,            0.014595,           0.0070715,                   0,             0.95872,             0.93899,             0.97072,             0.93112,           0.0087748,           0.0033702,                   0,           0.0050896,           0.0050896,           0.0050896
                 250,            0.014363,           0.0072628,                   0,             0.95878,             0.93806,             0.97064,             0.93112,           0.0087735,           0.0033723,                   0,           0.0050698,           0.0050698,           0.0050698
                 251,            0.013659,           0.0068946,                   0,             0.95846,             0.93899,             0.97062,             0.93141,           0.0087746,           0.0033734,                   0,             0.00505,             0.00505,             0.00505
                 252,            0.013258,           0.0065394,                   0,             0.95879,             0.93839,             0.97047,             0.93125,            0.008774,           0.0033777,                   0,           0.0050302,           0.0050302,           0.0050302
                 253,             0.01373,           0.0067143,                   0,             0.95878,             0.93811,             0.97043,             0.93078,           0.0087735,           0.0033793,                   0,           0.0050104,           0.0050104,           0.0050104
                 254,            0.013233,           0.0067148,                   0,             0.95972,             0.93619,             0.97048,             0.93103,           0.0087785,           0.0033806,                   0,           0.0049906,           0.0049906,           0.0049906
                 255,            0.013857,           0.0069216,                   0,             0.95979,             0.93795,             0.97041,              0.9311,           0.0087796,           0.0033812,                   0,           0.0049708,           0.0049708,           0.0049708
                 256,            0.014091,           0.0070791,                   0,             0.95963,             0.93795,             0.97039,             0.93094,           0.0087777,           0.0033823,                   0,            0.004951,            0.004951,            0.004951
                 257,             0.01418,           0.0068631,                   0,             0.95965,             0.93795,             0.97029,             0.93079,           0.0087804,           0.0033823,                   0,           0.0049312,           0.0049312,           0.0049312
                 258,            0.013808,            0.007079,                   0,              0.9608,              0.9379,              0.9703,              0.9307,           0.0087839,           0.0033799,                   0,           0.0049114,           0.0049114,           0.0049114
                 259,            0.014079,           0.0071337,                   0,             0.96079,             0.93762,             0.97029,             0.93091,           0.0087875,           0.0033789,                   0,           0.0048916,           0.0048916,           0.0048916
                 260,            0.013571,           0.0069649,                   0,             0.96033,             0.93795,             0.97026,             0.93094,           0.0087843,           0.0033759,                   0,           0.0048718,           0.0048718,           0.0048718
                 261,            0.013339,           0.0069358,                   0,             0.96025,             0.93795,             0.97023,             0.93067,           0.0087802,           0.0033755,                   0,            0.004852,            0.004852,            0.004852
                 262,            0.013673,           0.0068918,                   0,              0.9608,             0.93787,             0.97028,             0.93034,           0.0087793,           0.0033745,                   0,           0.0048322,           0.0048322,           0.0048322
                 263,            0.014178,           0.0072617,                   0,             0.96079,             0.93768,             0.97037,             0.93075,           0.0087784,            0.003374,                   0,           0.0048124,           0.0048124,           0.0048124
                 264,            0.013736,           0.0070078,                   0,             0.96252,             0.93692,             0.97022,             0.93058,           0.0087792,           0.0033764,                   0,           0.0047926,           0.0047926,           0.0047926
                 265,            0.014153,           0.0074037,                   0,             0.96372,             0.93407,              0.9702,             0.93045,           0.0087788,           0.0033767,                   0,           0.0047728,           0.0047728,           0.0047728
                 266,            0.013433,             0.00681,                   0,             0.96485,             0.93382,              0.9702,             0.93123,           0.0087798,           0.0033775,                   0,            0.004753,            0.004753,            0.004753
                 267,            0.014132,           0.0071805,                   0,             0.96579,             0.93418,              0.9702,             0.93139,           0.0087807,           0.0033769,                   0,           0.0047332,           0.0047332,           0.0047332
                 268,            0.013769,            0.006903,                   0,             0.96678,             0.93306,             0.97048,             0.93082,           0.0087807,           0.0033767,                   0,           0.0047134,           0.0047134,           0.0047134
                 269,            0.013099,           0.0067006,                   0,             0.96779,             0.93204,             0.97052,             0.93085,           0.0087828,           0.0033759,                   0,           0.0046936,           0.0046936,           0.0046936
                 270,            0.014332,           0.0070002,                   0,             0.96785,             0.93396,             0.97053,             0.93155,           0.0087845,           0.0033776,                   0,           0.0046738,           0.0046738,           0.0046738
                 271,            0.013014,           0.0066531,                   0,              0.9676,             0.93382,              0.9706,              0.9311,           0.0087837,           0.0033774,                   0,            0.004654,            0.004654,            0.004654
                 272,            0.013545,           0.0067325,                   0,             0.96787,             0.93451,             0.97063,             0.93117,           0.0087839,           0.0033775,                   0,           0.0046342,           0.0046342,           0.0046342
                 273,            0.013362,           0.0064933,                   0,             0.96682,             0.93413,             0.97067,             0.93105,           0.0087821,           0.0033777,                   0,           0.0046144,           0.0046144,           0.0046144
                 274,            0.013712,            0.006974,                   0,             0.96688,             0.93575,             0.97069,             0.93111,           0.0087819,           0.0033786,                   0,           0.0045946,           0.0045946,           0.0045946
                 275,            0.013447,           0.0068131,                   0,             0.96688,             0.93573,             0.97058,             0.93097,            0.008785,           0.0033781,                   0,           0.0045748,           0.0045748,           0.0045748
                 276,            0.013101,           0.0065657,                   0,             0.96587,             0.93646,             0.97082,             0.93084,            0.008786,           0.0033772,                   0,            0.004555,            0.004555,            0.004555
                 277,            0.013317,           0.0065153,                   0,             0.96578,             0.93692,             0.97079,             0.93082,             0.00879,           0.0033777,                   0,           0.0045352,           0.0045352,           0.0045352
                 278,            0.013553,           0.0068616,                   0,             0.96586,             0.93611,             0.97073,             0.93128,           0.0087909,           0.0033779,                   0,           0.0045154,           0.0045154,           0.0045154
                 279,            0.013698,           0.0067143,                   0,             0.96587,             0.93646,             0.97087,             0.93103,           0.0087919,           0.0033786,                   0,           0.0044956,           0.0044956,           0.0044956
                 280,            0.012552,           0.0063607,                   0,             0.96584,             0.93558,             0.97081,             0.93104,           0.0087956,           0.0033789,                   0,           0.0044758,           0.0044758,           0.0044758
                 281,            0.013981,           0.0068049,                   0,             0.96688,             0.93575,             0.97089,              0.9312,           0.0087971,           0.0033789,                   0,            0.004456,            0.004456,            0.004456
                 282,              0.0135,           0.0069622,                   0,             0.96689,             0.93624,             0.97086,             0.93098,           0.0087996,           0.0033794,                   0,           0.0044362,           0.0044362,           0.0044362
                 283,            0.013918,           0.0069047,                   0,             0.96793,             0.93649,             0.97089,             0.93094,           0.0088021,           0.0033785,                   0,           0.0044164,           0.0044164,           0.0044164
                 284,            0.013308,           0.0066293,                   0,              0.9669,             0.93692,             0.97085,             0.93113,           0.0088069,           0.0033789,                   0,           0.0043966,           0.0043966,           0.0043966
                 285,            0.013597,           0.0068546,                   0,             0.96704,             0.93692,             0.97084,             0.93117,           0.0088094,           0.0033778,                   0,           0.0043768,           0.0043768,           0.0043768
                 286,            0.014116,           0.0068753,                   0,             0.96797,             0.93762,             0.97081,             0.93125,           0.0088121,           0.0033782,                   0,            0.004357,            0.004357,            0.004357
                 287,            0.013535,           0.0068962,                   0,             0.96877,             0.93692,             0.97085,             0.93121,           0.0088127,           0.0033787,                   0,           0.0043372,           0.0043372,           0.0043372
